i106w191c23ci-000,61,15+15+31:m0
i106w191c347g-000,61,17+15+29:m0
i107w189c48ae-000,61,17+15+29:m0
i106w195c36fg-000,62,16+15+31:m0
i107w191c34ef-000,62,15+16+31:m0
i107w191c356e-000,62,15+17+30:m0
i107w193c23fg-000,62,15+15+32:m0
i109w193c34dj-000,62,17+16+29:m1
i109w193c49hi-000,62,17+15+30:m1
i113w197c23ci-001,62,17+16+29:m0
i16w193c236f-000,62,17+16+29:m0
i2w201c26fi-000,62,16+16+30:m0
i106w193c23ci-000,63,16+15+32:m0
i106w195c46dj-000,63,18+15+30:m0
i106w197c236f-000,63,16+17+30:m0
i107w193c37eg-000,63,15+18+30:m0
i107w195c23ci-000,63,18+16+29:m0
i107w195c23ci-001,63,18+15+30:m1
i107w195c389e-000,63,18+16+29:m0
i107w195c389e-001,63,15+16+32:m1
i107w199c48ae-000,63,18+16+29:m1
i109w199c347c-000,63,18+15+30:m1
i10w195c238h-000,63,17+16+30:m0
i110w195c347g-000,63,16+17+30:m0
i110w195c347g-001,63,16+17+30:m0
i110w199c346d-001,63,16+17+30:m0
i110w199c467d-000,63,15+18+30:m0
i110w201c34ef-000,63,18+15+30:m0
i113w195c37eg-000,63,15+18+30:m0
i113w197c28aj-000,63,18+15+30:m0
i113w199c28aj-000,63,16+17+30:m0
i113w199c467d-000,63,15+17+31:m0
i113w201c23ci-000,63,15+16+32:m0
i113w201c48ae-000,63,16+16+31:m0
i115w201c23ci-003,63,15+17+31:m1
i130w213c48eh-000,63,17+17+29:m0
i133w207c347g-000,63,16+18+29:m0
i133w213c48ae-000,63,17+15+31:m1
i135w207c37eg-000,63,15+16+32:m0
i136w201c367f-000,63,17+16+30:m0
i139w197c34aj-000,63,16+16+31:m0
i139w207c346d-000,63,16+16+31:m0
i146w209c23ci-000,63,16+17+30:m0
i16w197c236f-000,63,18+16+29:m0
i26w195c23ci-000,63,17+17+29:m0
i2w205c38hj-000,63,16+16+31:m1
i30w221c369i-000,63,16+18+29:m0
i30w223c258h-000,63,15+18+30:m0
i30w231c3bcf-000,63,15+16+32:m0
i5w205c235i-000,63,16+16+31:m0
i106w197c346f-000,64,17+18+29:m0
i106w197c347c-000,64,15+18+31:m0
i106w197c347g-000,64,17+15+32:m0
i106w197c48ae-000,64,18+17+29:m1
i107w193c367g-000,64,18+17+29:m1
i107w195c28hj-000,64,16+16+32:m0
i107w197c235e-000,64,16+16+32:m0
i107w197c28aj-000,64,19+16+29:m0
i107w197c347g-000,64,19+16+29:m0
i107w199c23ci-000,64,15+17+32:m0
i107w199c23ci-001,64,19+15+30:m0
i107w199c346d-000,64,16+18+30:m0
i107w203c239i-000,64,16+18+30:m0
i107w203c356e-000,64,19+15+30:m0
i108w197c23ci-000,64,17+17+30:m0
i108w197c39hi-000,64,16+18+30:m0
i109w195c236g-000,64,17+18+29:m0
i10w199c367g-000,64,17+18+29:m0
i110w197c238h-000,64,17+17+30:m0
i110w197c23ci-000,64,17+16+31:m1
i110w197c23eg-000,64,16+16+32:m0
i110w197c23fg-000,64,18+16+30:m0
i110w197c37gj-000,64,17+17+30:m0
i110w199c23ci-000,64,17+17+30:m0
i110w201c236f-000,64,15+17+32:m0
i110w201c34aj-000,64,16+17+31:m0
i110w201c356h-000,64,15+17+32:m1
i110w203c23ci-000,64,18+17+29:m0
i110w205c346d-000,64,17+16+31:m1
i110w207c23ci-000,64,16+17+31:m0
i113w195c28hj-000,64,16+17+31:m0
i113w197c23ci-000,64,16+16+32:m0
i113w197c356e-000,64,18+16+30:m0
i113w199c23ci-001,64,16+17+31:m1
i113w199c347e-000,64,17+16+31:m1
i113w199c347g-000,64,16+18+30:m1
i113w201c46ef-000,64,16+18+30:m0
i113w201c47eh-000,64,17+18+29:m1
i113w203c23ci-001,64,18+16+30:m0
i113w203c28hj-000,64,17+18+29:m0
i113w203c346f-000,64,19+15+30:m0
i113w203c349i-000,64,17+16+31:m0
i113w207c23ci-002,64,17+16+31:m0
i115w197c23ci-001,64,16+17+31:m1
i115w197c49ai-000,64,17+16+31:m1
i115w201c367j-000,64,18+16+30:m1
i116w203c248h-000,64,16+17+31:m0
i118w201c346f-000,64,16+17+31:m0
i12w199c23ci-000,64,17+15+32:m0
i12w203c23ci-003,64,17+15+32:m0
i12w207c23ci-002,64,17+15+32:m0
i12w211c23ci-000,64,17+15+32:m0
i130w215c23eg-000,64,18+15+31:m0
i133w181c23ci-000,64,17+16+31:m0
i133w201c23ci-000,64,17+16+31:m1
i133w209c347g-000,64,16+18+30:m0
i133w211c235e-000,64,15+18+31:m0
i135w211c356f-000,64,17+15+32:m0
i135w211c37eg-000,64,15+16+33:m0
i139w179c35eg-000,64,17+17+30:m0
i139w199c23ci-000,64,17+16+31:m1
i139w207c35eh-000,64,18+16+30:m0
i139w211c235e-000,64,17+15+32:m0
i143w207c247h-000,64,18+16+30:m0
i144w211c37eg-001,64,16+16+32:m0
i146w207c23ci-000,64,17+17+30:m0
i146w213c34aj-000,64,17+16+31:m0
i14w199c349i-000,64,18+17+29:m0
i154w209c23ci-000,64,16+17+31:m0
i154w213c23ci-000,64,16+17+31:m1
i161w207c23ci-001,64,16+17+31:m0
i16w197c347g-000,64,17+16+31:m0
i16w201c248h-000,64,17+18+29:m0
i16w203c356h-000,64,17+17+30:m0
i16w203c36eh-000,64,17+17+30:m0
i16w205c356h-000,64,17+17+30:m0
i19w225c4efh-000,64,15+17+32:m0
i19w227c269g-000,64,15+18+31:m0
i19w227c37eg-000,64,16+18+30:m0
i19w235c347i-000,64,18+16+30:m0
i204w207c367f-000,64,17+17+30:m0
i26w199c48ah-000,64,18+17+29:m0
i27w201c238h-000,64,17+17+30:m0
i2w209c48eh-000,64,16+18+30:m0
i30w225c36ce-000,64,15+19+30:m0
i30w227c3ehj-000,64,16+15+33:m0
i30w235c3bcf-000,64,15+17+32:m0
i44w205c37eg-000,64,18+15+31:m0
i47w223c34dg-000,64,18+16+30:m0
i4w199c347g-000,64,17+16+31:m0
i5w203c356f-000,64,17+17+30:m0
i63w207c349j-000,64,15+18+31:m0
i8w209c235i-000,64,17+16+31:m0
i106w199c34ef-000,65,19+16+30:m0
i106w201c346d-000,65,19+15+31:m0
i106w203c349i-000,65,18+17+30:m0
i106w203c39aj-000,65,17+18+30:m0
i107w197c23ci-000,65,16+16+33:m0
i107w199c346d-001,65,17+15+33:m0
i107w199c389h-000,65,15+18+32:m0
i107w199c389h-001,65,16+16+33:m0
i107w201c23ci-000,65,18+18+29:m0
i107w203c356e-001,65,17+18+30:m0
i108w205c23ci-001,65,18+17+30:m0
i108w205c367g-000,65,18+17+30:m0
i109w195c347g-000,65,17+17+31:m0
i109w197c23ci-000,65,15+17+33:m0
i109w199c236f-000,65,17+16+32:m0
i109w199c238h-000,65,19+16+30:m1
i109w201c23ci-000,65,19+16+30:m0
i109w201c35eh-001,65,20+16+29:m1
i109w201c48ah-000,65,17+17+31:m1
i10w199c48ah-000,65,16+18+31:m0
i10w203c236f-000,65,16+17+32:m0
i10w203c356e-000,65,18+18+29:m0
i10w203c48ae-000,65,16+17+32:m0
i10w211c247g-001,65,17+17+31:m1
i10w211c34aj-000,65,16+17+32:m0
i110w197c467f-000,65,17+18+30:m0
i110w199c23ci-001,65,17+16+32:m0
i110w199c346d-000,65,17+18+30:m0
i110w199c347g-000,65,19+16+30:m0
i110w199c349i-001,65,19+16+30:m0
i110w199c349i-002,65,16+19+30:m0
i110w199c356e-000,65,18+17+30:m0
i110w199c367g-000,65,19+16+30:m0
i110w201c28aj-002,65,16+18+31:m1
i110w201c34aj-001,65,19+17+29:m0
i110w201c367g-000,65,19+15+31:m0
i110w201c389h-000,65,16+19+30:m0
i110w203c346f-000,65,18+16+31:m1
i110w203c347e-000,65,17+15+33:m0
i110w205c35eg-000,65,19+16+30:m0
i110w207c239i-000,65,17+18+30:m0
i110w207c48hi-000,65,18+17+30:m0
i112w205c235e-000,65,17+18+30:m0
i112w205c238h-000,65,16+18+31:m1
i113w197c347e-000,65,16+17+32:m0
i113w199c23ci-000,65,16+17+32:m0
i113w199c247g-000,65,17+17+31:m1
i113w199c349i-000,65,16+17+32:m0
i113w199c34ci-000,65,18+16+31:m0
i113w199c356e-000,65,17+17+31:m0
i113w199c367g-000,65,18+17+30:m0
i113w199c48ae-000,65,18+17+30:m0
i113w199c48eh-000,65,18+17+30:m1
i113w201c236f-000,65,19+17+29:m0
i113w201c346d-000,65,19+15+31:m0
i113w201c36cd-001,65,17+19+29:m0
i113w201c389h-000,65,15+19+31:m0
