idx,dims,k,shape,arm,result,seconds
50,"(3, 3, 9)",7,3x3x6,cadical,UNSAT,88.0
50,"(3, 3, 9)",7,3x3x6,cadical_lex,UNSAT,0.3
50,"(3, 3, 9)",7,3x3x6,hydra_satsuma,UNSAT,64.0
50,"(3, 3, 9)",7,3x3x6,kissat,UNSAT,54.1
60,"(3, 3, 9)",7,3x3x6,cadical,UNSAT,88.0
60,"(3, 3, 9)",7,3x3x6,cadical_lex,UNSAT,0.4
60,"(3, 3, 9)",7,3x3x6,hydra_satsuma,UNSAT,44.6
60,"(3, 3, 9)",7,3x3x6,kissat,UNSAT,47.3
66,"(3, 3, 9)",7,3x3x6,cadical,UNSAT,78.7
66,"(3, 3, 9)",7,3x3x6,cadical_lex,UNSAT,0.4
66,"(3, 3, 9)",7,3x3x6,hydra_satsuma,UNSAT,65.3
66,"(3, 3, 9)",7,3x3x6,kissat,UNSAT,72.1
80,"(2, 5, 9)",8,2x5x6,cadical,TIMEOUT,300.0
80,"(2, 5, 9)",8,2x5x6,cadical_lex,UNSAT,0.7
80,"(2, 5, 9)",8,2x5x6,hydra_satsuma,TIMEOUT,298.4
80,"(2, 5, 9)",8,2x5x6,kissat,TIMEOUT,300.0
99,"(3, 4, 9)",8,3x4x6,cadical,TIMEOUT,300.0
99,"(3, 4, 9)",8,3x4x6,cadical_lex,UNSAT,2.4
99,"(3, 4, 9)",8,3x4x6,hydra_satsuma,TIMEOUT,298.4
99,"(3, 4, 9)",8,3x4x6,kissat,TIMEOUT,300.0
100,"(3, 4, 9)",8,3x4x6,cadical,TIMEOUT,300.0
100,"(3, 4, 9)",8,3x4x6,cadical_lex,UNSAT,1.9
100,"(3, 4, 9)",8,3x4x6,hydra_satsuma,TIMEOUT,298.4
100,"(3, 4, 9)",8,3x4x6,kissat,TIMEOUT,300.0
101,"(3, 4, 9)",8,3x4x6,cadical,TIMEOUT,300.0
101,"(3, 4, 9)",8,3x4x6,cadical_lex,UNSAT,1.4
101,"(3, 4, 9)",8,3x4x6,hydra_satsuma,TIMEOUT,298.4
101,"(3, 4, 9)",8,3x4x6,kissat,TIMEOUT,300.0
103,"(3, 4, 9)",8,3x4x7,cadical,TIMEOUT,300.0
103,"(3, 4, 9)",8,3x4x7,cadical_lex,UNSAT,1.9
103,"(3, 4, 9)",8,3x4x7,hydra_satsuma,TIMEOUT,298.4
103,"(3, 4, 9)",8,3x4x7,kissat,TIMEOUT,300.0
104,"(3, 4, 9)",8,3x4x7,cadical,TIMEOUT,300.0
104,"(3, 4, 9)",8,3x4x7,cadical_lex,UNSAT,1.5
104,"(3, 4, 9)",8,3x4x7,hydra_satsuma,TIMEOUT,298.4
104,"(3, 4, 9)",8,3x4x7,kissat,TIMEOUT,300.0
105,"(3, 4, 9)",8,3x3x6,cadical,TIMEOUT,300.0
105,"(3, 4, 9)",8,3x3x6,cadical_lex,UNSAT,3.0
105,"(3, 4, 9)",8,3x3x6,hydra_satsuma,TIMEOUT,298.4
105,"(3, 4, 9)",8,3x3x6,kissat,TIMEOUT,300.0
107,"(3, 4, 9)",8,3x4x6,cadical,TIMEOUT,300.0
107,"(3, 4, 9)",8,3x4x6,cadical_lex,UNSAT,2.1
107,"(3, 4, 9)",8,3x4x6,hydra_satsuma,TIMEOUT,298.4
107,"(3, 4, 9)",8,3x4x6,kissat,TIMEOUT,300.0
110,"(3, 4, 9)",8,3x4x6,cadical,TIMEOUT,300.0
110,"(3, 4, 9)",8,3x4x6,cadical_lex,UNSAT,1.7
110,"(3, 4, 9)",8,3x4x6,hydra_satsuma,TIMEOUT,298.4
110,"(3, 4, 9)",8,3x4x6,kissat,TIMEOUT,300.0
113,"(3, 4, 9)",8,3x4x7,cadical,TIMEOUT,300.0
113,"(3, 4, 9)",8,3x4x7,cadical_lex,UNSAT,2.1
113,"(3, 4, 9)",8,3x4x7,hydra_satsuma,TIMEOUT,298.4
113,"(3, 4, 9)",8,3x4x7,kissat,TIMEOUT,300.0
116,"(3, 4, 9)",8,3x4x7,cadical,TIMEOUT,300.0
116,"(3, 4, 9)",8,3x4x7,cadical_lex,UNSAT,1.9
116,"(3, 4, 9)",8,3x4x7,hydra_satsuma,TIMEOUT,298.4
116,"(3, 4, 9)",8,3x4x7,kissat,TIMEOUT,300.0
117,"(3, 4, 9)",8,3x4x7,cadical,TIMEOUT,300.0
117,"(3, 4, 9)",8,3x4x7,cadical_lex,UNSAT,1.6
117,"(3, 4, 9)",8,3x4x7,hydra_satsuma,TIMEOUT,298.4
117,"(3, 4, 9)",8,3x4x7,kissat,TIMEOUT,300.0
119,"(3, 4, 9)",8,3x4x6,cadical,TIMEOUT,300.0
119,"(3, 4, 9)",8,3x4x6,cadical_lex,UNSAT,1.7
119,"(3, 4, 9)",8,3x4x6,hydra_satsuma,TIMEOUT,298.4
119,"(3, 4, 9)",8,3x4x6,kissat,TIMEOUT,300.0
168,"(3, 5, 9)",9,3x5x7,cadical,TIMEOUT,300.0
168,"(3, 5, 9)",9,3x5x7,cadical_lex,UNSAT,6.2
168,"(3, 5, 9)",9,3x5x7,hydra_satsuma,TIMEOUT,298.4
168,"(3, 5, 9)",9,3x5x7,kissat,TIMEOUT,300.0
169,"(3, 5, 9)",9,3x5x8,cadical,TIMEOUT,300.0
169,"(3, 5, 9)",9,3x5x8,cadical_lex,UNSAT,23.2
169,"(3, 5, 9)",9,3x5x8,hydra_satsuma,TIMEOUT,298.4
169,"(3, 5, 9)",9,3x5x8,kissat,TIMEOUT,300.0
173,"(3, 5, 9)",9,3x5x7,cadical,TIMEOUT,300.0
173,"(3, 5, 9)",9,3x5x7,cadical_lex,UNSAT,11.3
173,"(3, 5, 9)",9,3x5x7,hydra_satsuma,TIMEOUT,298.3
173,"(3, 5, 9)",9,3x5x7,kissat,TIMEOUT,300.0
174,"(3, 5, 9)",9,3x5x8,cadical,TIMEOUT,300.0
174,"(3, 5, 9)",9,3x5x8,cadical_lex,UNSAT,16.7
174,"(3, 5, 9)",9,3x5x8,hydra_satsuma,TIMEOUT,298.4
174,"(3, 5, 9)",9,3x5x8,kissat,TIMEOUT,300.0
175,"(3, 5, 9)",9,3x5x6,cadical,TIMEOUT,300.0
175,"(3, 5, 9)",9,3x5x6,cadical_lex,UNSAT,14.0
175,"(3, 5, 9)",9,3x5x6,hydra_satsuma,TIMEOUT,298.3
175,"(3, 5, 9)",9,3x5x6,kissat,TIMEOUT,300.0
177,"(3, 5, 9)",9,3x5x6,cadical,TIMEOUT,300.0
177,"(3, 5, 9)",9,3x5x6,cadical_lex,UNSAT,11.0
177,"(3, 5, 9)",9,3x5x6,hydra_satsuma,TIMEOUT,298.4
177,"(3, 5, 9)",9,3x5x6,kissat,TIMEOUT,300.0
181,"(3, 5, 9)",9,3x5x7,cadical,TIMEOUT,300.0
181,"(3, 5, 9)",9,3x5x7,cadical_lex,UNSAT,25.5
181,"(3, 5, 9)",9,3x5x7,hydra_satsuma,TIMEOUT,298.4
181,"(3, 5, 9)",9,3x5x7,kissat,TIMEOUT,300.0
189,"(3, 5, 9)",9,3x5x7,cadical,TIMEOUT,300.0
189,"(3, 5, 9)",9,3x5x7,cadical_lex,UNSAT,12.6
189,"(3, 5, 9)",9,3x5x7,hydra_satsuma,TIMEOUT,298.4
189,"(3, 5, 9)",9,3x5x7,kissat,TIMEOUT,300.0
192,"(4, 4, 9)",9,4x4x8,cadical,TIMEOUT,300.0
192,"(4, 4, 9)",9,4x4x8,cadical_lex,UNSAT,69.5
192,"(4, 4, 9)",9,4x4x8,hydra_satsuma,TIMEOUT,298.4
192,"(4, 4, 9)",9,4x4x8,kissat,TIMEOUT,300.0
193,"(4, 4, 9)",9,4x4x7,cadical,TIMEOUT,300.0
193,"(4, 4, 9)",9,4x4x7,cadical_lex,UNSAT,60.3
193,"(4, 4, 9)",9,4x4x7,hydra_satsuma,TIMEOUT,298.4
193,"(4, 4, 9)",9,4x4x7,kissat,TIMEOUT,300.0
194,"(4, 4, 9)",9,4x4x7,cadical,TIMEOUT,300.0
194,"(4, 4, 9)",9,4x4x7,cadical_lex,UNSAT,31.9
194,"(4, 4, 9)",9,4x4x7,hydra_satsuma,TIMEOUT,298.4
194,"(4, 4, 9)",9,4x4x7,kissat,TIMEOUT,300.0
195,"(4, 4, 9)",9,4x4x6,cadical,TIMEOUT,300.0
195,"(4, 4, 9)",9,4x4x6,cadical_lex,UNSAT,27.6
195,"(4, 4, 9)",9,4x4x6,hydra_satsuma,TIMEOUT,298.3
195,"(4, 4, 9)",9,4x4x6,kissat,TIMEOUT,300.0
196,"(4, 4, 9)",9,4x4x6,cadical,TIMEOUT,300.0
196,"(4, 4, 9)",9,4x4x6,cadical_lex,UNSAT,19.5
196,"(4, 4, 9)",9,4x4x6,hydra_satsuma,TIMEOUT,298.4
196,"(4, 4, 9)",9,4x4x6,kissat,TIMEOUT,300.0
197,"(4, 4, 9)",9,4x4x7,cadical,TIMEOUT,300.0
197,"(4, 4, 9)",9,4x4x7,cadical_lex,UNSAT,92.3
197,"(4, 4, 9)",9,4x4x7,hydra_satsuma,TIMEOUT,298.4
197,"(4, 4, 9)",9,4x4x7,kissat,TIMEOUT,300.0
198,"(4, 4, 9)",9,4x4x8,cadical,TIMEOUT,300.0
198,"(4, 4, 9)",9,4x4x8,cadical_lex,UNSAT,62.5
198,"(4, 4, 9)",9,4x4x8,hydra_satsuma,TIMEOUT,298.3
198,"(4, 4, 9)",9,4x4x8,kissat,TIMEOUT,300.0
199,"(4, 4, 9)",9,4x4x6,cadical,TIMEOUT,300.0
199,"(4, 4, 9)",9,4x4x6,cadical_lex,UNSAT,40.9
199,"(4, 4, 9)",9,4x4x6,hydra_satsuma,TIMEOUT,298.3
199,"(4, 4, 9)",9,4x4x6,kissat,TIMEOUT,300.0
200,"(4, 4, 9)",9,4x4x8,cadical,TIMEOUT,300.0
200,"(4, 4, 9)",9,4x4x8,cadical_lex,UNSAT,47.0
200,"(4, 4, 9)",9,4x4x8,hydra_satsuma,TIMEOUT,298.4
200,"(4, 4, 9)",9,4x4x8,kissat,TIMEOUT,300.0
204,"(4, 4, 9)",9,4x4x8,cadical,TIMEOUT,300.0
204,"(4, 4, 9)",9,4x4x8,cadical_lex,UNSAT,70.0
204,"(4, 4, 9)",9,4x4x8,hydra_satsuma,TIMEOUT,298.4
204,"(4, 4, 9)",9,4x4x8,kissat,TIMEOUT,300.0
207,"(4, 4, 9)",9,4x4x8,cadical,TIMEOUT,300.0
207,"(4, 4, 9)",9,4x4x8,cadical_lex,UNSAT,33.1
207,"(4, 4, 9)",9,4x4x8,hydra_satsuma,TIMEOUT,298.4
207,"(4, 4, 9)",9,4x4x8,kissat,TIMEOUT,300.0
208,"(4, 4, 9)",9,4x4x8,cadical,TIMEOUT,300.0
208,"(4, 4, 9)",9,4x4x8,cadical_lex,UNSAT,72.4
208,"(4, 4, 9)",9,4x4x8,hydra_satsuma,TIMEOUT,298.4
208,"(4, 4, 9)",9,4x4x8,kissat,TIMEOUT,300.0
213,"(4, 4, 9)",9,4x4x7,cadical,TIMEOUT,300.0
213,"(4, 4, 9)",9,4x4x7,cadical_lex,UNSAT,54.6
213,"(4, 4, 9)",9,4x4x7,hydra_satsuma,TIMEOUT,298.4
213,"(4, 4, 9)",9,4x4x7,kissat,TIMEOUT,300.0
215,"(4, 4, 9)",9,4x4x8,cadical,TIMEOUT,300.0
215,"(4, 4, 9)",9,4x4x8,cadical_lex,UNSAT,97.8
215,"(4, 4, 9)",9,4x4x8,hydra_satsuma,TIMEOUT,298.4
215,"(4, 4, 9)",9,4x4x8,kissat,TIMEOUT,300.0
218,"(3, 6, 9)",10,3x6x9,cadical,TIMEOUT,300.0
218,"(3, 6, 9)",10,3x6x9,cadical_lex,UNSAT,267.0
218,"(3, 6, 9)",10,3x6x9,hydra_satsuma,TIMEOUT,298.3
218,"(3, 6, 9)",10,3x6x9,kissat,TIMEOUT,300.0
219,"(3, 6, 9)",10,3x6x8,cadical,TIMEOUT,300.0
219,"(3, 6, 9)",10,3x6x8,cadical_lex,UNSAT,133.3
219,"(3, 6, 9)",10,3x6x8,hydra_satsuma,TIMEOUT,298.4
219,"(3, 6, 9)",10,3x6x8,kissat,TIMEOUT,300.0
221,"(3, 6, 9)",10,3x6x8,cadical,TIMEOUT,300.0
221,"(3, 6, 9)",10,3x6x8,cadical_lex,UNSAT,153.2
221,"(3, 6, 9)",10,3x6x8,hydra_satsuma,TIMEOUT,298.3
221,"(3, 6, 9)",10,3x6x8,kissat,TIMEOUT,300.0
227,"(3, 6, 9)",10,3x6x9,cadical,TIMEOUT,300.0
227,"(3, 6, 9)",10,3x6x9,cadical_lex,UNSAT,166.9
227,"(3, 6, 9)",10,3x6x9,hydra_satsuma,TIMEOUT,298.4
227,"(3, 6, 9)",10,3x6x9,kissat,TIMEOUT,300.0
228,"(3, 6, 9)",10,3x6x8,cadical,TIMEOUT,300.0
228,"(3, 6, 9)",10,3x6x8,cadical_lex,TIMEOUT,300.0
228,"(3, 6, 9)",10,3x6x8,hydra_satsuma,TIMEOUT,298.3
228,"(3, 6, 9)",10,3x6x8,kissat,TIMEOUT,300.0
231,"(3, 6, 9)",10,3x6x8,cadical,TIMEOUT,300.0
231,"(3, 6, 9)",10,3x6x8,cadical_lex,UNSAT,129.8
231,"(3, 6, 9)",10,3x6x8,hydra_satsuma,TIMEOUT,298.3
231,"(3, 6, 9)",10,3x6x8,kissat,TIMEOUT,300.0
232,"(3, 6, 9)",10,3x6x8,cadical,TIMEOUT,300.0
232,"(3, 6, 9)",10,3x6x8,cadical_lex,UNSAT,171.2
232,"(3, 6, 9)",10,3x6x8,hydra_satsuma,TIMEOUT,298.4
232,"(3, 6, 9)",10,3x6x8,kissat,TIMEOUT,300.0
233,"(3, 6, 9)",10,3x6x9,cadical,TIMEOUT,300.0
233,"(3, 6, 9)",10,3x6x9,cadical_lex,TIMEOUT,300.0
233,"(3, 6, 9)",10,3x6x9,hydra_satsuma,TIMEOUT,298.3
233,"(3, 6, 9)",10,3x6x9,kissat,TIMEOUT,300.0
234,"(3, 6, 9)",10,3x6x8,cadical,TIMEOUT,300.0
234,"(3, 6, 9)",10,3x6x8,cadical_lex,UNSAT,218.4
234,"(3, 6, 9)",10,3x6x8,hydra_satsuma,TIMEOUT,298.3
234,"(3, 6, 9)",10,3x6x8,kissat,TIMEOUT,300.0
235,"(3, 6, 9)",10,3x6x8,cadical,TIMEOUT,300.0
235,"(3, 6, 9)",10,3x6x8,cadical_lex,UNSAT,168.5
235,"(3, 6, 9)",10,3x6x8,hydra_satsuma,TIMEOUT,298.3
235,"(3, 6, 9)",10,3x6x8,kissat,TIMEOUT,300.0
239,"(3, 6, 9)",10,3x6x8,cadical,TIMEOUT,300.0
239,"(3, 6, 9)",10,3x6x8,cadical_lex,UNSAT,142.9
239,"(3, 6, 9)",10,3x6x8,hydra_satsuma,TIMEOUT,298.3
239,"(3, 6, 9)",10,3x6x8,kissat,TIMEOUT,300.0
241,"(4, 5, 9)",10,4x5x8,cadical,TIMEOUT,300.0
241,"(4, 5, 9)",10,4x5x8,cadical_lex,TIMEOUT,300.0
241,"(4, 5, 9)",10,4x5x8,hydra_satsuma,TIMEOUT,298.3
241,"(4, 5, 9)",10,4x5x8,kissat,TIMEOUT,300.0
242,"(4, 5, 9)",10,4x5x7,cadical,TIMEOUT,300.0
242,"(4, 5, 9)",10,4x5x7,cadical_lex,TIMEOUT,300.0
242,"(4, 5, 9)",10,4x5x7,hydra_satsuma,TIMEOUT,298.4
242,"(4, 5, 9)",10,4x5x7,kissat,TIMEOUT,300.0
243,"(4, 5, 9)",10,4x5x8,cadical,TIMEOUT,300.0
243,"(4, 5, 9)",10,4x5x8,cadical_lex,TIMEOUT,300.0
243,"(4, 5, 9)",10,4x5x8,hydra_satsuma,TIMEOUT,298.4
243,"(4, 5, 9)",10,4x5x8,kissat,TIMEOUT,300.0
244,"(4, 5, 9)",10,4x5x8,cadical,TIMEOUT,300.0
244,"(4, 5, 9)",10,4x5x8,cadical_lex,TIMEOUT,300.0
244,"(4, 5, 9)",10,4x5x8,hydra_satsuma,TIMEOUT,298.3
244,"(4, 5, 9)",10,4x5x8,kissat,TIMEOUT,300.0
245,"(4, 5, 9)",10,4x5x8,cadical,TIMEOUT,300.0
245,"(4, 5, 9)",10,4x5x8,cadical_lex,TIMEOUT,300.0
245,"(4, 5, 9)",10,4x5x8,hydra_satsuma,TIMEOUT,298.4
245,"(4, 5, 9)",10,4x5x8,kissat,TIMEOUT,300.0
246,"(4, 5, 9)",10,4x5x7,cadical,TIMEOUT,300.0
246,"(4, 5, 9)",10,4x5x7,cadical_lex,TIMEOUT,300.0
246,"(4, 5, 9)",10,4x5x7,hydra_satsuma,TIMEOUT,298.3
246,"(4, 5, 9)",10,4x5x7,kissat,TIMEOUT,300.0
248,"(4, 5, 9)",10,4x5x8,cadical,TIMEOUT,300.0
248,"(4, 5, 9)",10,4x5x8,cadical_lex,TIMEOUT,300.0
248,"(4, 5, 9)",10,4x5x8,hydra_satsuma,TIMEOUT,298.4
248,"(4, 5, 9)",10,4x5x8,kissat,TIMEOUT,300.0
250,"(4, 5, 9)",10,4x5x8,cadical,TIMEOUT,300.0
250,"(4, 5, 9)",10,4x5x8,cadical_lex,TIMEOUT,300.0
250,"(4, 5, 9)",10,4x5x8,hydra_satsuma,TIMEOUT,298.4
250,"(4, 5, 9)",10,4x5x8,kissat,TIMEOUT,300.0
251,"(4, 5, 9)",10,4x5x8,cadical,TIMEOUT,300.0
251,"(4, 5, 9)",10,4x5x8,cadical_lex,TIMEOUT,300.0
251,"(4, 5, 9)",10,4x5x8,hydra_satsuma,TIMEOUT,298.4
251,"(4, 5, 9)",10,4x5x8,kissat,TIMEOUT,300.0
252,"(4, 5, 9)",10,4x5x8,cadical,TIMEOUT,300.0
252,"(4, 5, 9)",10,4x5x8,cadical_lex,TIMEOUT,300.0
252,"(4, 5, 9)",10,4x5x8,hydra_satsuma,TIMEOUT,298.4
252,"(4, 5, 9)",10,4x5x8,kissat,TIMEOUT,300.0
254,"(4, 5, 9)",10,4x5x8,cadical,TIMEOUT,300.0
254,"(4, 5, 9)",10,4x5x8,cadical_lex,TIMEOUT,300.0
254,"(4, 5, 9)",10,4x5x8,hydra_satsuma,TIMEOUT,298.4
254,"(4, 5, 9)",10,4x5x8,kissat,TIMEOUT,300.0
256,"(4, 5, 9)",10,4x5x6,cadical,TIMEOUT,300.0
256,"(4, 5, 9)",10,4x5x6,cadical_lex,TIMEOUT,300.0
256,"(4, 5, 9)",10,4x5x6,hydra_satsuma,TIMEOUT,298.4
256,"(4, 5, 9)",10,4x5x6,kissat,TIMEOUT,300.0
257,"(4, 5, 9)",10,4x5x6,cadical,TIMEOUT,300.0
257,"(4, 5, 9)",10,4x5x6,cadical_lex,TIMEOUT,300.0
257,"(4, 5, 9)",10,4x5x6,hydra_satsuma,TIMEOUT,298.3
257,"(4, 5, 9)",10,4x5x6,kissat,TIMEOUT,300.0
258,"(4, 5, 9)",10,4x5x8,cadical,TIMEOUT,300.0
258,"(4, 5, 9)",10,4x5x8,cadical_lex,TIMEOUT,300.0
258,"(4, 5, 9)",10,4x5x8,hydra_satsuma,TIMEOUT,298.3
258,"(4, 5, 9)",10,4x5x8,kissat,TIMEOUT,300.0
260,"(4, 5, 9)",10,4x5x8,cadical,TIMEOUT,300.0
260,"(4, 5, 9)",10,4x5x8,cadical_lex,TIMEOUT,300.0
260,"(4, 5, 9)",10,4x5x8,hydra_satsuma,TIMEOUT,298.3
260,"(4, 5, 9)",10,4x5x8,kissat,TIMEOUT,300.0
262,"(4, 5, 9)",10,4x5x8,cadical,TIMEOUT,300.0
262,"(4, 5, 9)",10,4x5x8,cadical_lex,TIMEOUT,300.0
262,"(4, 5, 9)",10,4x5x8,hydra_satsuma,TIMEOUT,298.3
262,"(4, 5, 9)",10,4x5x8,kissat,TIMEOUT,300.0
263,"(4, 5, 9)",10,4x5x8,cadical,TIMEOUT,300.0
263,"(4, 5, 9)",10,4x5x8,cadical_lex,TIMEOUT,300.0
263,"(4, 5, 9)",10,4x5x8,hydra_satsuma,TIMEOUT,298.3
263,"(4, 5, 9)",10,4x5x8,kissat,TIMEOUT,300.0
269,"(3, 7, 9)",11,3x7x8,cadical,TIMEOUT,300.0
269,"(3, 7, 9)",11,3x7x8,cadical_lex,TIMEOUT,300.0
269,"(3, 7, 9)",11,3x7x8,hydra_satsuma,TIMEOUT,298.3
269,"(3, 7, 9)",11,3x7x8,kissat,TIMEOUT,300.0
270,"(3, 7, 9)",11,3x7x8,cadical,TIMEOUT,300.0
270,"(3, 7, 9)",11,3x7x8,cadical_lex,TIMEOUT,300.0
270,"(3, 7, 9)",11,3x7x8,hydra_satsuma,TIMEOUT,298.3
270,"(3, 7, 9)",11,3x7x8,kissat,TIMEOUT,300.0
272,"(3, 7, 9)",11,3x7x8,cadical,TIMEOUT,300.0
272,"(3, 7, 9)",11,3x7x8,cadical_lex,TIMEOUT,300.0
272,"(3, 7, 9)",11,3x7x8,hydra_satsuma,TIMEOUT,298.4
272,"(3, 7, 9)",11,3x7x8,kissat,TIMEOUT,300.0
273,"(3, 7, 9)",11,3x7x8,cadical,TIMEOUT,300.0
273,"(3, 7, 9)",11,3x7x8,cadical_lex,TIMEOUT,300.0
273,"(3, 7, 9)",11,3x7x8,hydra_satsuma,TIMEOUT,298.4
273,"(3, 7, 9)",11,3x7x8,kissat,TIMEOUT,300.0
277,"(3, 7, 9)",11,3x7x9,cadical,TIMEOUT,300.0
277,"(3, 7, 9)",11,3x7x9,cadical_lex,TIMEOUT,300.0
277,"(3, 7, 9)",11,3x7x9,hydra_satsuma,TIMEOUT,298.4
277,"(3, 7, 9)",11,3x7x9,kissat,TIMEOUT,300.0
279,"(3, 7, 9)",11,3x7x8,cadical,TIMEOUT,300.0
279,"(3, 7, 9)",11,3x7x8,cadical_lex,TIMEOUT,300.0
279,"(3, 7, 9)",11,3x7x8,hydra_satsuma,TIMEOUT,298.4
279,"(3, 7, 9)",11,3x7x8,kissat,TIMEOUT,300.0
280,"(3, 7, 9)",11,3x7x7,cadical,TIMEOUT,300.0
280,"(3, 7, 9)",11,3x7x7,cadical_lex,TIMEOUT,300.0
280,"(3, 7, 9)",11,3x7x7,hydra_satsuma,TIMEOUT,298.4
280,"(3, 7, 9)",11,3x7x7,kissat,TIMEOUT,300.0
281,"(3, 7, 9)",11,3x7x8,cadical,TIMEOUT,300.0
281,"(3, 7, 9)",11,3x7x8,cadical_lex,TIMEOUT,300.0
281,"(3, 7, 9)",11,3x7x8,hydra_satsuma,TIMEOUT,298.4
281,"(3, 7, 9)",11,3x7x8,kissat,TIMEOUT,300.0
283,"(3, 7, 9)",11,3x7x8,cadical,SAT,104.1
283,"(3, 7, 9)",11,3x7x8,cadical_lex,TIMEOUT,300.0
283,"(3, 7, 9)",11,3x7x8,hydra_satsuma,SAT,19.8
283,"(3, 7, 9)",11,3x7x8,kissat,SAT,12.8
287,"(3, 7, 9)",11,3x7x9,cadical,TIMEOUT,300.0
287,"(3, 7, 9)",11,3x7x9,cadical_lex,TIMEOUT,300.0
287,"(3, 7, 9)",11,3x7x9,hydra_satsuma,TIMEOUT,298.4
287,"(3, 7, 9)",11,3x7x9,kissat,TIMEOUT,300.0
288,"(4, 6, 9)",11,4x6x9,cadical,TIMEOUT,300.0
288,"(4, 6, 9)",11,4x6x9,cadical_lex,TIMEOUT,300.0
288,"(4, 6, 9)",11,4x6x9,hydra_satsuma,TIMEOUT,298.4
288,"(4, 6, 9)",11,4x6x9,kissat,TIMEOUT,300.0
290,"(4, 6, 9)",11,4x6x8,cadical,TIMEOUT,300.0
290,"(4, 6, 9)",11,4x6x8,cadical_lex,TIMEOUT,300.0
290,"(4, 6, 9)",11,4x6x8,hydra_satsuma,TIMEOUT,298.4
290,"(4, 6, 9)",11,4x6x8,kissat,TIMEOUT,300.0
291,"(4, 6, 9)",11,4x6x8,cadical,TIMEOUT,300.0
291,"(4, 6, 9)",11,4x6x8,cadical_lex,TIMEOUT,300.0
291,"(4, 6, 9)",11,4x6x8,hydra_satsuma,TIMEOUT,298.3
291,"(4, 6, 9)",11,4x6x8,kissat,TIMEOUT,300.0
292,"(4, 6, 9)",11,4x6x9,cadical,TIMEOUT,300.0
292,"(4, 6, 9)",11,4x6x9,cadical_lex,TIMEOUT,300.0
292,"(4, 6, 9)",11,4x6x9,hydra_satsuma,TIMEOUT,298.4
292,"(4, 6, 9)",11,4x6x9,kissat,TIMEOUT,300.0
293,"(4, 6, 9)",11,4x6x9,cadical,TIMEOUT,300.0
293,"(4, 6, 9)",11,4x6x9,cadical_lex,TIMEOUT,300.0
293,"(4, 6, 9)",11,4x6x9,hydra_satsuma,TIMEOUT,298.3
293,"(4, 6, 9)",11,4x6x9,kissat,TIMEOUT,300.0
294,"(4, 6, 9)",11,4x6x9,cadical,TIMEOUT,300.0
294,"(4, 6, 9)",11,4x6x9,cadical_lex,TIMEOUT,300.0
294,"(4, 6, 9)",11,4x6x9,hydra_satsuma,TIMEOUT,298.4
294,"(4, 6, 9)",11,4x6x9,kissat,TIMEOUT,300.0
295,"(4, 6, 9)",11,4x6x8,cadical,TIMEOUT,300.0
295,"(4, 6, 9)",11,4x6x8,cadical_lex,TIMEOUT,300.0
295,"(4, 6, 9)",11,4x6x8,hydra_satsuma,TIMEOUT,298.4
295,"(4, 6, 9)",11,4x6x8,kissat,TIMEOUT,300.0
296,"(4, 6, 9)",11,4x6x8,cadical,TIMEOUT,300.0
296,"(4, 6, 9)",11,4x6x8,cadical_lex,TIMEOUT,300.0
296,"(4, 6, 9)",11,4x6x8,hydra_satsuma,TIMEOUT,298.3
296,"(4, 6, 9)",11,4x6x8,kissat,TIMEOUT,300.0
298,"(4, 6, 9)",11,4x6x9,cadical,TIMEOUT,300.0
298,"(4, 6, 9)",11,4x6x9,cadical_lex,TIMEOUT,300.0
298,"(4, 6, 9)",11,4x6x9,hydra_satsuma,TIMEOUT,298.4
298,"(4, 6, 9)",11,4x6x9,kissat,TIMEOUT,300.0
299,"(4, 6, 9)",11,4x6x8,cadical,TIMEOUT,300.0
299,"(4, 6, 9)",11,4x6x8,cadical_lex,TIMEOUT,300.0
299,"(4, 6, 9)",11,4x6x8,hydra_satsuma,TIMEOUT,298.3
299,"(4, 6, 9)",11,4x6x8,kissat,TIMEOUT,300.0
300,"(4, 6, 9)",11,4x6x8,cadical,TIMEOUT,300.0
300,"(4, 6, 9)",11,4x6x8,cadical_lex,TIMEOUT,300.0
300,"(4, 6, 9)",11,4x6x8,hydra_satsuma,TIMEOUT,298.4
300,"(4, 6, 9)",11,4x6x8,kissat,TIMEOUT,300.0
301,"(4, 6, 9)",11,4x6x9,cadical,TIMEOUT,300.0
301,"(4, 6, 9)",11,4x6x9,cadical_lex,TIMEOUT,300.0
301,"(4, 6, 9)",11,4x6x9,hydra_satsuma,TIMEOUT,298.4
301,"(4, 6, 9)",11,4x6x9,kissat,TIMEOUT,300.0
302,"(4, 6, 9)",11,4x6x9,cadical,TIMEOUT,300.0
302,"(4, 6, 9)",11,4x6x9,cadical_lex,TIMEOUT,300.0
302,"(4, 6, 9)",11,4x6x9,hydra_satsuma,TIMEOUT,298.4
302,"(4, 6, 9)",11,4x6x9,kissat,TIMEOUT,300.0
303,"(4, 6, 9)",11,4x6x9,cadical,TIMEOUT,300.0
303,"(4, 6, 9)",11,4x6x9,cadical_lex,TIMEOUT,300.0
303,"(4, 6, 9)",11,4x6x9,hydra_satsuma,TIMEOUT,298.4
303,"(4, 6, 9)",11,4x6x9,kissat,TIMEOUT,300.0
304,"(4, 6, 9)",11,4x6x9,cadical,TIMEOUT,300.0
304,"(4, 6, 9)",11,4x6x9,cadical_lex,TIMEOUT,300.0
304,"(4, 6, 9)",11,4x6x9,hydra_satsuma,TIMEOUT,298.4
304,"(4, 6, 9)",11,4x6x9,kissat,TIMEOUT,300.0
305,"(4, 6, 9)",11,4x6x8,cadical,TIMEOUT,300.0
305,"(4, 6, 9)",11,4x6x8,cadical_lex,TIMEOUT,300.0
305,"(4, 6, 9)",11,4x6x8,hydra_satsuma,TIMEOUT,298.4
305,"(4, 6, 9)",11,4x6x8,kissat,TIMEOUT,300.0
307,"(4, 6, 9)",11,4x6x8,cadical,TIMEOUT,300.0
307,"(4, 6, 9)",11,4x6x8,cadical_lex,TIMEOUT,300.0
307,"(4, 6, 9)",11,4x6x8,hydra_satsuma,TIMEOUT,298.4
307,"(4, 6, 9)",11,4x6x8,kissat,TIMEOUT,300.0
309,"(4, 6, 9)",11,4x6x9,cadical,TIMEOUT,300.0
309,"(4, 6, 9)",11,4x6x9,cadical_lex,TIMEOUT,300.0
309,"(4, 6, 9)",11,4x6x9,hydra_satsuma,TIMEOUT,298.4
309,"(4, 6, 9)",11,4x6x9,kissat,TIMEOUT,300.0
310,"(4, 6, 9)",11,4x6x9,cadical,TIMEOUT,300.0
310,"(4, 6, 9)",11,4x6x9,cadical_lex,TIMEOUT,300.0
310,"(4, 6, 9)",11,4x6x9,hydra_satsuma,TIMEOUT,298.4
310,"(4, 6, 9)",11,4x6x9,kissat,TIMEOUT,300.0
311,"(4, 6, 9)",11,4x6x9,cadical,TIMEOUT,300.0
311,"(4, 6, 9)",11,4x6x9,cadical_lex,TIMEOUT,300.0
311,"(4, 6, 9)",11,4x6x9,hydra_satsuma,TIMEOUT,298.3
311,"(4, 6, 9)",11,4x6x9,kissat,TIMEOUT,300.0
312,"(4, 7, 9)",12,4x7x9,cadical,TIMEOUT,300.0
312,"(4, 7, 9)",12,4x7x9,cadical_lex,TIMEOUT,300.0
312,"(4, 7, 9)",12,4x7x9,hydra_satsuma,TIMEOUT,298.4
312,"(4, 7, 9)",12,4x7x9,kissat,TIMEOUT,300.0
313,"(4, 7, 9)",12,4x7x8,cadical,TIMEOUT,300.0
313,"(4, 7, 9)",12,4x7x8,cadical_lex,TIMEOUT,300.0
313,"(4, 7, 9)",12,4x7x8,hydra_satsuma,TIMEOUT,298.4
313,"(4, 7, 9)",12,4x7x8,kissat,TIMEOUT,300.0
314,"(4, 7, 9)",12,4x7x9,cadical,TIMEOUT,300.0
314,"(4, 7, 9)",12,4x7x9,cadical_lex,TIMEOUT,300.0
314,"(4, 7, 9)",12,4x7x9,hydra_satsuma,TIMEOUT,298.4
314,"(4, 7, 9)",12,4x7x9,kissat,TIMEOUT,300.0
315,"(4, 7, 9)",12,4x7x9,cadical,TIMEOUT,300.0
315,"(4, 7, 9)",12,4x7x9,cadical_lex,TIMEOUT,300.0
315,"(4, 7, 9)",12,4x7x9,hydra_satsuma,TIMEOUT,298.4
315,"(4, 7, 9)",12,4x7x9,kissat,TIMEOUT,300.0
316,"(4, 7, 9)",12,4x7x9,cadical,TIMEOUT,300.0
316,"(4, 7, 9)",12,4x7x9,cadical_lex,TIMEOUT,300.0
316,"(4, 7, 9)",12,4x7x9,hydra_satsuma,TIMEOUT,298.4
316,"(4, 7, 9)",12,4x7x9,kissat,TIMEOUT,300.0
317,"(4, 7, 9)",12,4x7x9,cadical,TIMEOUT,300.0
317,"(4, 7, 9)",12,4x7x9,cadical_lex,TIMEOUT,300.0
317,"(4, 7, 9)",12,4x7x9,hydra_satsuma,TIMEOUT,298.3
317,"(4, 7, 9)",12,4x7x9,kissat,TIMEOUT,300.0
319,"(4, 7, 9)",12,4x7x8,cadical,TIMEOUT,300.0
319,"(4, 7, 9)",12,4x7x8,cadical_lex,TIMEOUT,300.0
319,"(4, 7, 9)",12,4x7x8,hydra_satsuma,TIMEOUT,298.3
319,"(4, 7, 9)",12,4x7x8,kissat,TIMEOUT,300.0
320,"(4, 7, 9)",12,4x7x9,cadical,TIMEOUT,300.0
320,"(4, 7, 9)",12,4x7x9,cadical_lex,TIMEOUT,300.0
320,"(4, 7, 9)",12,4x7x9,hydra_satsuma,TIMEOUT,298.3
320,"(4, 7, 9)",12,4x7x9,kissat,TIMEOUT,300.0
321,"(4, 7, 9)",12,4x7x9,cadical,TIMEOUT,300.0
321,"(4, 7, 9)",12,4x7x9,cadical_lex,TIMEOUT,300.0
321,"(4, 7, 9)",12,4x7x9,hydra_satsuma,TIMEOUT,298.4
321,"(4, 7, 9)",12,4x7x9,kissat,TIMEOUT,300.0
322,"(4, 7, 9)",12,4x7x8,cadical,TIMEOUT,300.0
322,"(4, 7, 9)",12,4x7x8,cadical_lex,TIMEOUT,300.0
322,"(4, 7, 9)",12,4x7x8,hydra_satsuma,TIMEOUT,298.4
322,"(4, 7, 9)",12,4x7x8,kissat,TIMEOUT,300.0
324,"(4, 7, 9)",12,4x7x9,cadical,TIMEOUT,300.0
324,"(4, 7, 9)",12,4x7x9,cadical_lex,TIMEOUT,300.0
324,"(4, 7, 9)",12,4x7x9,hydra_satsuma,TIMEOUT,298.4
324,"(4, 7, 9)",12,4x7x9,kissat,TIMEOUT,300.0
325,"(4, 7, 9)",12,4x7x7,cadical,TIMEOUT,300.0
325,"(4, 7, 9)",12,4x7x7,cadical_lex,TIMEOUT,300.0
325,"(4, 7, 9)",12,4x7x7,hydra_satsuma,TIMEOUT,298.3
325,"(4, 7, 9)",12,4x7x7,kissat,TIMEOUT,300.0
326,"(4, 7, 9)",12,4x7x8,cadical,TIMEOUT,300.0
326,"(4, 7, 9)",12,4x7x8,cadical_lex,TIMEOUT,300.0
326,"(4, 7, 9)",12,4x7x8,hydra_satsuma,TIMEOUT,298.3
326,"(4, 7, 9)",12,4x7x8,kissat,TIMEOUT,300.0
327,"(4, 7, 9)",12,4x7x9,cadical,TIMEOUT,300.0
327,"(4, 7, 9)",12,4x7x9,cadical_lex,TIMEOUT,300.0
327,"(4, 7, 9)",12,4x7x9,hydra_satsuma,TIMEOUT,298.4
327,"(4, 7, 9)",12,4x7x9,kissat,TIMEOUT,300.0
328,"(4, 7, 9)",12,4x7x9,cadical,TIMEOUT,300.0
328,"(4, 7, 9)",12,4x7x9,cadical_lex,TIMEOUT,300.0
328,"(4, 7, 9)",12,4x7x9,hydra_satsuma,TIMEOUT,298.4
328,"(4, 7, 9)",12,4x7x9,kissat,TIMEOUT,300.0
329,"(4, 7, 9)",12,4x7x9,cadical,TIMEOUT,300.0
329,"(4, 7, 9)",12,4x7x9,cadical_lex,TIMEOUT,300.0
329,"(4, 7, 9)",12,4x7x9,hydra_satsuma,TIMEOUT,298.3
329,"(4, 7, 9)",12,4x7x9,kissat,TIMEOUT,300.0
330,"(4, 7, 9)",12,4x7x7,cadical,TIMEOUT,300.0
330,"(4, 7, 9)",12,4x7x7,cadical_lex,TIMEOUT,300.0
330,"(4, 7, 9)",12,4x7x7,hydra_satsuma,TIMEOUT,298.3
330,"(4, 7, 9)",12,4x7x7,kissat,TIMEOUT,300.0
